prob_pred,prob_true
0.03524477624080398,0.0
0.03716583753174001,0.0
0.03818163350224495,0.0
0.038984246345029935,0.0
0.03985032574696974,0.0
0.040830170837315646,0.0
0.042777323750434096,0.0
0.05387647964737632,0.0
0.14605228480967608,0.0
0.9115640770305287,0.8181818181818182
