{
  "threshold": 0.5,
  "accuracy": 0.9789335088874259,
  "precision": 0.9924471299093656,
  "recall": 0.9605263157894737,
  "f1": 0.9762258543833581,
  "roc_auc": 0.9991753335434395,
  "pr_auc": 0.9990116436963644,
  "brier": 0.014873834692166682,
  "tp": 657,
  "fp": 5,
  "tn": 830,
  "fn": 27,
  "f1_ci95_lo": 0.9674850155837929,
  "f1_ci95_hi": 0.9839584410929781,
  "adv_val_auc_train_vs_test": 0.9201115731793374,
  "train_time_sec": 17.98421025276184,
  "train_time_min": 0.2997368375460307,
  "epochs_ran": 17
}