{
  "threshold": 0.5,
  "accuracy": 0.9957426679280984,
  "precision": 0.99361249112846,
  "recall": 0.99361249112846,
  "f1": 0.99361249112846,
  "roc_auc": 0.9999302613236603,
  "pr_auc": 0.9998621869961075,
  "brier": 0.004971276145977907,
  "tp": 1400,
  "fp": 9,
  "tn": 2810,
  "fn": 9,
  "train_time_sec": 17.98421025276184,
  "train_time_min": 0.2997368375460307,
  "epochs_ran": 17
}