{
  "threshold": 0.5,
  "accuracy": 0.9835766423357665,
  "precision": 0.8333333333333334,
  "recall": 1.0,
  "f1": 0.9090909090909091,
  "roc_auc": 0.9981444665341286,
  "pr_auc": 0.9801960453511596,
  "brier": 0.016052556826712486,
  "tp": 45,
  "fp": 9,
  "tn": 494,
  "fn": 0,
  "train_time_sec": 17.98421025276184,
  "train_time_min": 0.2997368375460307,
  "epochs_ran": 17
}