split,threshold,accuracy,precision,recall,f1,roc_auc,pr_auc,brier,tp,fp,tn,fn,train_time_sec,train_time_min,epochs_ran,f1_ci95_lo,f1_ci95_hi,adv_val_auc_train_vs_test
train,0.500000,0.995743,0.993612,0.993612,0.993612,0.999930,0.999862,0.004971,1400,9,2810,9,17.984210,0.299737,17,,,
val,0.500000,0.983577,0.833333,1.000000,0.909091,0.998144,0.980196,0.016053,45,9,494,0,17.984210,0.299737,17,,,
test,0.500000,0.978934,0.992447,0.960526,0.976226,0.999175,0.999012,0.014874,657,5,830,27,17.984210,0.299737,17,0.967485,0.983958,0.920112
