prob_pred,prob_true
0.03227249512618238,0.0
0.034252347255294975,0.0
0.03545190529389815,0.0
0.03641239753751843,0.0
0.037362859194928946,0.0
0.03876490945165807,0.0
0.04249154417603104,0.0
0.05931744507767937,0.0
0.2499566382982514,0.0
0.955810500275005,0.8181818181818182
