{
  "threshold": 0.5,
  "accuracy": 0.9938505203405865,
  "precision": 0.9859451862262825,
  "recall": 0.9957416607523066,
  "f1": 0.990819209039548,
  "roc_auc": 0.9998844402438992,
  "pr_auc": 0.9997715638339357,
  "brier": 0.00595032833566577,
  "tp": 1403,
  "fp": 20,
  "tn": 2799,
  "fn": 6,
  "train_time_sec": 33.64099931716919,
  "train_time_min": 0.5606833219528198,
  "epochs_ran": 38
}