split,threshold,accuracy,precision,recall,f1,roc_auc,pr_auc,brier,tp,fp,tn,fn,train_time_sec,train_time_min,epochs_ran,f1_ci95_lo,f1_ci95_hi,adv_val_auc_train_vs_test
train,0.500000,0.993851,0.985945,0.995742,0.990819,0.999884,0.999772,0.005950,1403,20,2799,6,33.640999,0.560683,38,,,
val,0.500000,0.972628,0.750000,1.000000,0.857143,0.998542,0.984754,0.024582,45,15,488,0,33.640999,0.560683,38,,,
test,0.500000,0.976300,0.987952,0.959064,0.973294,0.998944,0.998712,0.016215,656,8,827,28,33.640999,0.560683,38,0.964389,0.981302,0.920112
