{
  "threshold": 0.5,
  "accuracy": 0.9726277372262774,
  "precision": 0.75,
  "recall": 1.0,
  "f1": 0.8571428571428571,
  "roc_auc": 0.9985420808482439,
  "pr_auc": 0.9847539162732198,
  "brier": 0.024582353168020293,
  "tp": 45,
  "fp": 15,
  "tn": 488,
  "fn": 0,
  "train_time_sec": 33.64099931716919,
  "train_time_min": 0.5606833219528198,
  "epochs_ran": 38
}