{
  "threshold": 0.5,
  "accuracy": 0.9763001974983542,
  "precision": 0.9879518072289156,
  "recall": 0.9590643274853801,
  "f1": 0.973293768545994,
  "roc_auc": 0.9989442168294989,
  "pr_auc": 0.9987118682946823,
  "brier": 0.016214688156311607,
  "tp": 656,
  "fp": 8,
  "tn": 827,
  "fn": 28,
  "f1_ci95_lo": 0.9643890419669351,
  "f1_ci95_hi": 0.9813019315417086,
  "adv_val_auc_train_vs_test": 0.9201115731793374,
  "train_time_sec": 33.64099931716919,
  "train_time_min": 0.5606833219528198,
  "epochs_ran": 38
}