prob_pred,prob_true
0.1927135107192126,0.0
0.20365919416601008,0.0
0.20984032370827416,0.0
0.21449876698580655,0.0
0.21960285685279152,0.0
0.22831363759257578,0.0
0.2458110045302998,0.0
0.30513650395653463,0.0
0.45629346749999306,0.03636363636363636
0.7209675853902643,0.8
