{
  "threshold": 0.5,
  "accuracy": 0.9768211920529801,
  "precision": 0.9612948627726953,
  "recall": 0.9694819020581973,
  "f1": 0.9653710247349824,
  "roc_auc": 0.9983240058902747,
  "pr_auc": 0.9968910109201825,
  "brier": 0.0557207646072684,
  "tp": 1366,
  "fp": 55,
  "tn": 2764,
  "fn": 43,
  "train_time_sec": 41.494001150131226,
  "train_time_min": 0.6915666858355204,
  "epochs_ran": 50
}