{
  "threshold": 0.5,
  "accuracy": 0.9546946815495733,
  "precision": 0.9935794542536116,
  "recall": 0.9049707602339181,
  "f1": 0.9472073450650345,
  "roc_auc": 0.9974680941527437,
  "pr_auc": 0.9968907439270643,
  "brier": 0.08985508503697952,
  "tp": 619,
  "fp": 4,
  "tn": 835,
  "fn": 65,
  "f1_ci95_lo": 0.935215177802387,
  "f1_ci95_hi": 0.9590917385534174,
  "adv_val_auc_train_vs_test": 0.9319070685937666,
  "train_time_sec": 41.494001150131226,
  "train_time_min": 0.6915666858355204,
  "epochs_ran": 50
}