split,threshold,accuracy,precision,recall,f1,roc_auc,pr_auc,brier,tp,fp,tn,fn,train_time_sec,train_time_min,epochs_ran,f1_ci95_lo,f1_ci95_hi,adv_val_auc_train_vs_test
train,0.500000,0.976821,0.961295,0.969482,0.965371,0.998324,0.996891,0.055721,1366,55,2764,43,41.494001,0.691567,50,,,
val,0.500000,0.954545,0.647887,1.000000,0.786325,0.997628,0.977058,0.076062,46,25,479,0,41.494001,0.691567,50,,,
test,0.500000,0.954695,0.993579,0.904971,0.947207,0.997468,0.996891,0.089855,619,4,835,65,41.494001,0.691567,50,0.935215,0.959092,0.931907
