{
  "threshold": 0.5,
  "accuracy": 0.9545454545454546,
  "precision": 0.647887323943662,
  "recall": 1.0,
  "f1": 0.7863247863247863,
  "roc_auc": 0.997627674258109,
  "pr_auc": 0.9770582155425842,
  "brier": 0.0760616196336771,
  "tp": 46,
  "fp": 25,
  "tn": 479,
  "fn": 0,
  "train_time_sec": 41.494001150131226,
  "train_time_min": 0.6915666858355204,
  "epochs_ran": 50
}