prob_pred,prob_true
0.03052166540345008,0.0
0.03373445834625851,0.0
0.034956076470288366,0.0
0.03593424260616303,0.0
0.036843235248869115,0.0
0.037929407710378824,0.0
0.03994194275953553,0.0
0.04721813113851981,0.0
0.12433378913185814,0.01818181818181818
0.9290896990082481,0.8181818181818182
