{
  "threshold": 0.5,
  "accuracy": 0.9981078524124882,
  "precision": 0.9957537154989384,
  "recall": 0.9985805535841022,
  "f1": 0.997165131112686,
  "roc_auc": 0.9999753271108978,
  "pr_auc": 0.9999502941131446,
  "brier": 0.0034381241212257455,
  "tp": 1407,
  "fp": 6,
  "tn": 2813,
  "fn": 2,
  "train_time_sec": 17.348727703094482,
  "train_time_min": 0.28914546171824135,
  "epochs_ran": 16
}