{
  "threshold": 0.5,
  "accuracy": 0.98,
  "precision": 0.8070175438596491,
  "recall": 1.0,
  "f1": 0.8932038834951457,
  "roc_auc": 0.9968944099378881,
  "pr_auc": 0.9669286923902947,
  "brier": 0.01755859274501791,
  "tp": 46,
  "fp": 11,
  "tn": 493,
  "fn": 0,
  "train_time_sec": 17.348727703094482,
  "train_time_min": 0.28914546171824135,
  "epochs_ran": 16
}