{
  "threshold": 0.5,
  "accuracy": 0.9776756401838477,
  "precision": 0.9984662576687117,
  "recall": 0.9517543859649122,
  "f1": 0.9745508982035929,
  "roc_auc": 0.9994876942057169,
  "pr_auc": 0.9993765673777877,
  "brier": 0.016189140965228586,
  "tp": 651,
  "fp": 1,
  "tn": 838,
  "fn": 33,
  "f1_ci95_lo": 0.9653494906919564,
  "f1_ci95_hi": 0.9830514993481095,
  "adv_val_auc_train_vs_test": 0.9319070685937666,
  "train_time_sec": 17.348727703094482,
  "train_time_min": 0.28914546171824135,
  "epochs_ran": 16
}