split,threshold,accuracy,precision,recall,f1,roc_auc,pr_auc,brier,tp,fp,tn,fn,train_time_sec,train_time_min,epochs_ran,f1_ci95_lo,f1_ci95_hi,adv_val_auc_train_vs_test
train,0.500000,0.998108,0.995754,0.998581,0.997165,0.999975,0.999950,0.003438,1407,6,2813,2,17.348728,0.289145,16,,,
val,0.500000,0.980000,0.807018,1.000000,0.893204,0.996894,0.966929,0.017559,46,11,493,0,17.348728,0.289145,16,,,
test,0.500000,0.977676,0.998466,0.951754,0.974551,0.999488,0.999377,0.016189,651,1,838,33,17.348728,0.289145,16,0.965349,0.983051,0.931907
