prob_pred,prob_true
0.22895758910612626,0.0
0.2368405363776467,0.0
0.2428292445161126,0.0
0.24652888377507529,0.0
0.253232712095434,0.0
0.2613883376121521,0.0
0.27268887173246453,0.0
0.324230604280125,0.0
0.4461171572858637,0.05454545454545454
0.6900536201216958,0.7636363636363637
