{
  "threshold": 0.5,
  "accuracy": 0.9728003784295175,
  "precision": 0.9549929676511955,
  "recall": 0.9638041163946061,
  "f1": 0.9593783115506888,
  "roc_auc": 0.996760550366556,
  "pr_auc": 0.9942505102187723,
  "brier": 0.0694167431345673,
  "tp": 1358,
  "fp": 64,
  "tn": 2755,
  "fn": 51,
  "train_time_sec": 41.039613246917725,
  "train_time_min": 0.6839935541152954,
  "epochs_ran": 50
}