split,threshold,accuracy,precision,recall,f1,roc_auc,pr_auc,brier,tp,fp,tn,fn,train_time_sec,train_time_min,epochs_ran,f1_ci95_lo,f1_ci95_hi,adv_val_auc_train_vs_test
train,0.500000,0.972800,0.954993,0.963804,0.959378,0.996761,0.994251,0.069417,1358,64,2755,51,41.039613,0.683994,50,,,
val,0.500000,0.956204,0.661538,0.955556,0.781818,0.994831,0.963021,0.088839,43,22,481,2,41.039613,0.683994,50,,,
test,0.500000,0.970375,0.974740,0.959064,0.966839,0.997999,0.997520,0.070694,656,17,818,28,41.039613,0.683994,50,0.957091,0.975610,0.920112
