{
  "threshold": 0.5,
  "accuracy": 0.9562043795620438,
  "precision": 0.6615384615384615,
  "recall": 0.9555555555555556,
  "f1": 0.7818181818181819,
  "roc_auc": 0.9948310139165011,
  "pr_auc": 0.963021205847293,
  "brier": 0.08883867876579885,
  "tp": 43,
  "fp": 22,
  "tn": 481,
  "fn": 2,
  "train_time_sec": 41.039613246917725,
  "train_time_min": 0.6839935541152954,
  "epochs_ran": 50
}