{
  "threshold": 0.5,
  "accuracy": 0.9703752468729427,
  "precision": 0.974739970282318,
  "recall": 0.9590643274853801,
  "f1": 0.9668386145910096,
  "roc_auc": 0.9979987393633786,
  "pr_auc": 0.9975199046102283,
  "brier": 0.07069413274981808,
  "tp": 656,
  "fp": 17,
  "tn": 818,
  "fn": 28,
  "f1_ci95_lo": 0.9570906749902458,
  "f1_ci95_hi": 0.975609756097561,
  "adv_val_auc_train_vs_test": 0.9201115731793374,
  "train_time_sec": 41.039613246917725,
  "train_time_min": 0.6839935541152954,
  "epochs_ran": 50
}