prob_pred,prob_true
0.030864536583137054,0.0
0.03231076472530178,0.0
0.033529112402063146,0.0
0.034390475747047684,0.0
0.03525045392318414,0.0
0.036185832949830035,0.0
0.03725091367959976,0.0
0.03891742408562165,0.0
0.04210620738712011,0.0
0.5458037242150078,0.5192307692307693
