split,threshold,accuracy,precision,recall,f1,roc_auc,pr_auc,brier,tp,fp,tn,fn,train_time_sec,train_time_min,epochs_ran,f1_ci95_lo,f1_ci95_hi,adv_val_auc_train_vs_test
train,0.500000,0.995506,0.990819,0.995742,0.993274,0.999941,0.999882,0.004240,1403,13,2806,6,20.698001,0.344967,21,,,
val,0.500000,0.996117,0.931034,1.000000,0.964286,0.999393,0.989032,0.005089,27,2,486,0,20.698001,0.344967,21,,,
test,0.500000,0.979292,0.995349,0.958209,0.976426,0.999249,0.999100,0.015376,642,3,824,28,20.698001,0.344967,21,0.968419,0.984007,0.936200
