{
  "threshold": 0.5,
  "accuracy": 0.9792919171676687,
  "precision": 0.9953488372093023,
  "recall": 0.9582089552238806,
  "f1": 0.976425855513308,
  "roc_auc": 0.9992492194408851,
  "pr_auc": 0.9991000289753983,
  "brier": 0.015375921177130268,
  "tp": 642,
  "fp": 3,
  "tn": 824,
  "fn": 28,
  "f1_ci95_lo": 0.9684193870752832,
  "f1_ci95_hi": 0.9840067010503332,
  "adv_val_auc_train_vs_test": 0.9361997410146689,
  "train_time_sec": 20.69800114631653,
  "train_time_min": 0.3449666857719421,
  "epochs_ran": 21
}