{
  "threshold": 0.5,
  "accuracy": 0.996116504854369,
  "precision": 0.9310344827586207,
  "recall": 1.0,
  "f1": 0.9642857142857143,
  "roc_auc": 0.9993928354584093,
  "pr_auc": 0.9890320433551594,
  "brier": 0.005089345953471946,
  "tp": 27,
  "fp": 2,
  "tn": 486,
  "fn": 0,
  "train_time_sec": 20.69800114631653,
  "train_time_min": 0.3449666857719421,
  "epochs_ran": 21
}