{
  "threshold": 0.5,
  "accuracy": 0.9955061494796594,
  "precision": 0.990819209039548,
  "recall": 0.9957416607523066,
  "f1": 0.9932743362831858,
  "roc_auc": 0.9999408354189897,
  "pr_auc": 0.9998822733389773,
  "brier": 0.004240178710393192,
  "tp": 1403,
  "fp": 13,
  "tn": 2806,
  "fn": 6,
  "train_time_sec": 20.69800114631653,
  "train_time_min": 0.3449666857719421,
  "epochs_ran": 21
}