prob_pred,prob_true
0.028185755937275563,0.0
0.03163278959691525,0.0
0.03314908742904663,0.0
0.03438479094342752,0.0
0.03589895631779324,0.0
0.038222507455132226,0.0
0.042482590675354,0.0
0.061586410823193466,0.0
0.28486134721474216,0.01818181818181818
0.9328021504662254,0.8181818181818182
