{
  "threshold": 0.5,
  "accuracy": 0.9553512803676953,
  "precision": 0.9951768488745981,
  "recall": 0.9049707602339181,
  "f1": 0.9479326186830015,
  "roc_auc": 0.9983742132446731,
  "pr_auc": 0.9980001818022166,
  "brier": 0.03584557562857742,
  "tp": 619,
  "fp": 3,
  "tn": 836,
  "fn": 65,
  "f1_ci95_lo": 0.9355577235947165,
  "f1_ci95_hi": 0.9596358124184512,
  "adv_val_auc_train_vs_test": 0.9319070685937666,
  "train_time_sec": 22.054001331329346,
  "train_time_min": 0.3675666888554891,
  "epochs_ran": 23
}