{
  "threshold": 0.5,
  "accuracy": 0.9907757805108799,
  "precision": 0.9790209790209791,
  "recall": 0.99361249112846,
  "f1": 0.9862627685804861,
  "roc_auc": 0.9998240168420163,
  "pr_auc": 0.9996544024238987,
  "brier": 0.007480463895481997,
  "tp": 1400,
  "fp": 30,
  "tn": 2789,
  "fn": 9,
  "train_time_sec": 22.054001331329346,
  "train_time_min": 0.3675666888554891,
  "epochs_ran": 23
}