split,threshold,accuracy,precision,recall,f1,roc_auc,pr_auc,brier,tp,fp,tn,fn,train_time_sec,train_time_min,epochs_ran,f1_ci95_lo,f1_ci95_hi,adv_val_auc_train_vs_test
train,0.500000,0.990776,0.979021,0.993612,0.986263,0.999824,0.999654,0.007480,1400,30,2789,9,22.054001,0.367567,23,,,
val,0.500000,0.965455,0.707692,1.000000,0.828829,0.998145,0.981152,0.025156,46,19,485,0,22.054001,0.367567,23,,,
test,0.500000,0.955351,0.995177,0.904971,0.947933,0.998374,0.998000,0.035846,619,3,836,65,22.054001,0.367567,23,0.935558,0.959636,0.931907
