{
  "threshold": 0.5,
  "accuracy": 0.9654545454545455,
  "precision": 0.7076923076923077,
  "recall": 1.0,
  "f1": 0.8288288288288288,
  "roc_auc": 0.9981452726017943,
  "pr_auc": 0.9811524405551717,
  "brier": 0.02515646142238759,
  "tp": 46,
  "fp": 19,
  "tn": 485,
  "fn": 0,
  "train_time_sec": 22.054001331329346,
  "train_time_min": 0.3675666888554891,
  "epochs_ran": 23
}