prob_pred,prob_true
0.47686653011120284,0.019230769230769232
0.47917916552693235,0.0196078431372549
0.4805974238193952,0.038461538461538464
0.48177621761957806,0.058823529411764705
0.48295020312070847,0.038461538461538464
0.4841867848938587,0.09803921568627451
0.4853788462339663,0.1568627450980392
0.4868614782507603,0.07692307692307693
0.4887308010867998,0.0196078431372549
0.49142783880233765,0.0
