train_loss,val_loss,val_accuracy,val_precision,val_recall,val_f1,lr,epoch_time_s
0.9315040065301626,0.7204114682466081,0.9475728155339805,0.0,0.0,0.0,1e-05,0.7179999351501465
0.9297904460748188,0.7224369030554317,0.9475728155339805,0.0,0.0,0.0,1e-05,0.7190036773681641
0.9276484058167197,0.7234601627275782,0.9475728155339805,0.0,0.0,0.0,1e-05,0.7239961624145508
0.9248898782139131,0.724791762782532,0.9475728155339805,0.0,0.0,0.0,1e-05,0.7190008163452148
0.9228270576602463,0.7259193426197015,0.9475728155339805,0.0,0.0,0.0,5e-06,0.7479989528656006
0.9207676887624988,0.7262710783088091,0.9495145631067962,0.6666666666666666,0.07407407407407407,0.13333333333333333,5e-06,0.7049999237060547
0.9186943771710572,0.7261600893678017,0.9592233009708738,0.875,0.25925925925925924,0.4,5e-06,0.710003137588501
0.9184530183968954,0.7260958369495799,0.9592233009708738,0.6875,0.4074074074074074,0.5116279069767442,5e-06,0.7199976444244385
