{
  "threshold": 0.5,
  "accuracy": 0.9475728155339805,
  "precision": 0.0,
  "recall": 0.0,
  "f1": 0.0,
  "roc_auc": 0.5405282331511839,
  "pr_auc": 0.05461820190114517,
  "brier": 0.23574688275397943,
  "tp": 0,
  "fp": 0,
  "tn": 488,
  "fn": 27,
  "train_time_sec": 11.374001264572144,
  "train_time_min": 0.18956668774286906,
  "epochs_ran": 8
}