{
  "threshold": 0.5,
  "accuracy": 0.6667455061494797,
  "precision": 0.0,
  "recall": 0.0,
  "f1": 0.0,
  "roc_auc": 0.6289896124619238,
  "pr_auc": 0.48835008379519884,
  "brier": 0.2439688735728156,
  "tp": 0,
  "fp": 0,
  "tn": 2819,
  "fn": 1409,
  "train_time_sec": 11.374001264572144,
  "train_time_min": 0.18956668774286906,
  "epochs_ran": 8
}