{
  "threshold": 0.5,
  "accuracy": 0.552438209752839,
  "precision": 0.0,
  "recall": 0.0,
  "f1": 0.0,
  "roc_auc": 0.7830893898103196,
  "pr_auc": 0.5865793130631466,
  "brier": 0.24667320525926065,
  "tp": 0,
  "fp": 0,
  "tn": 827,
  "fn": 670,
  "f1_ci95_lo": 0.0,
  "f1_ci95_hi": 0.0,
  "adv_val_auc_train_vs_test": 0.9361997410146689,
  "train_time_sec": 11.374001264572144,
  "train_time_min": 0.18956668774286906,
  "epochs_ran": 8
}