split,threshold,accuracy,precision,recall,f1,roc_auc,pr_auc,brier,tp,fp,tn,fn,train_time_sec,train_time_min,epochs_ran,f1_ci95_lo,f1_ci95_hi,adv_val_auc_train_vs_test
train,0.500000,0.666746,0.000000,0.000000,0.000000,0.628990,0.488350,0.243969,0,0,2819,1409,11.374001,0.189567,8,,,
val,0.500000,0.947573,0.000000,0.000000,0.000000,0.540528,0.054618,0.235747,0,0,488,27,11.374001,0.189567,8,,,
test,0.500000,0.552438,0.000000,0.000000,0.000000,0.783089,0.586579,0.246673,0,0,827,670,11.374001,0.189567,8,0.000000,0.000000,0.936200
