prob_pred,prob_true
0.03185182845649811,0.0
0.03360169337076299,0.0
0.0348972871613044,0.0
0.03645470701888496,0.0
0.03765276396790376,0.0
0.039096654337995196,0.0
0.04087737947702408,0.0
0.043682677599673085,0.0
0.05848783393408738,0.0
0.5872560067532154,0.5192307692307693
