{
  "threshold": 0.5,
  "accuracy": 0.9941747572815534,
  "precision": 0.9,
  "recall": 1.0,
  "f1": 0.9473684210526315,
  "roc_auc": 0.9996205221615058,
  "pr_auc": 0.9935000527593119,
  "brier": 0.006192121534716568,
  "tp": 27,
  "fp": 3,
  "tn": 485,
  "fn": 0,
  "train_time_sec": 36.89800143241882,
  "train_time_min": 0.6149666905403137,
  "epochs_ran": 44
}