{
  "threshold": 0.5,
  "accuracy": 0.9746158984635939,
  "precision": 0.998422712933754,
  "recall": 0.9447761194029851,
  "f1": 0.9708588957055214,
  "roc_auc": 0.9991607861538739,
  "pr_auc": 0.9989697803265534,
  "brier": 0.019321412750238163,
  "tp": 633,
  "fp": 1,
  "tn": 826,
  "fn": 37,
  "f1_ci95_lo": 0.9615656037395288,
  "f1_ci95_hi": 0.979366078239076,
  "adv_val_auc_train_vs_test": 0.9361997410146689,
  "train_time_sec": 36.89800143241882,
  "train_time_min": 0.6149666905403137,
  "epochs_ran": 44
}