split,threshold,accuracy,precision,recall,f1,roc_auc,pr_auc,brier,tp,fp,tn,fn,train_time_sec,train_time_min,epochs_ran,f1_ci95_lo,f1_ci95_hi,adv_val_auc_train_vs_test
train,0.500000,0.991485,0.980406,0.994322,0.987315,0.999754,0.999513,0.007642,1401,28,2791,8,36.898001,0.614967,44,,,
val,0.500000,0.994175,0.900000,1.000000,0.947368,0.999621,0.993500,0.006192,27,3,485,0,36.898001,0.614967,44,,,
test,0.500000,0.974616,0.998423,0.944776,0.970859,0.999161,0.998970,0.019321,633,1,826,37,36.898001,0.614967,44,0.961566,0.979366,0.936200
