{
  "threshold": 0.5,
  "accuracy": 0.9914853358561968,
  "precision": 0.980405878236529,
  "recall": 0.9943222143364088,
  "f1": 0.9873150105708245,
  "roc_auc": 0.999754026401502,
  "pr_auc": 0.9995134186283992,
  "brier": 0.007642252773506383,
  "tp": 1401,
  "fp": 28,
  "tn": 2791,
  "fn": 8,
  "train_time_sec": 36.89800143241882,
  "train_time_min": 0.6149666905403137,
  "epochs_ran": 44
}